att48,Nearest Neighbour,0.003010988235473633,42620
att48,Nearest Neighbour,0.0018918514251708984,41582
att48,Nearest Neighbour,0.0028908252716064453,42755
att48,Nearest Neighbour,0.002646207809448242,42620
att48,Nearest Neighbour,0.0023992061614990234,42156
att48,Nearest Neighbour,0.0025467872619628906,42598
att48,Nearest Neighbour,0.0024750232696533203,42598
att48,Nearest Neighbour,0.002540111541748047,42192
att48,Nearest Neighbour,0.002371072769165039,41407
att48,Nearest Neighbour,0.0025877952575683594,40835
att48,Nearest Neighbour,0.0025670528411865234,44337
att48,Nearest Neighbour,0.0027360916137695312,40505
att48,Nearest Neighbour,0.0023717880249023438,40526
att48,Nearest Neighbour,0.0025682449340820312,39237
att48,Nearest Neighbour,0.0024628639221191406,43544
att48,Nearest Neighbour,0.00244903564453125,41436
att48,Nearest Neighbour,0.0025539398193359375,41407
att48,Nearest Neighbour,0.002474069595336914,40964
att48,Nearest Neighbour,0.0027208328247070312,43751
att48,Nearest Neighbour,0.002348184585571289,39811
att48,Evolutionary/Genetic,12.979799032211304,37693
att48,Evolutionary/Genetic,13.830955982208252,37568
att48,Evolutionary/Genetic,10.802531719207764,37220
att48,Evolutionary/Genetic,10.75833010673523,37687
att48,Evolutionary/Genetic,10.650326013565063,38197
att48,Evolutionary/Genetic,10.592007875442505,36416
att48,Evolutionary/Genetic,10.511655807495117,36622
att48,Evolutionary/Genetic,10.797837972640991,36898
att48,Evolutionary/Genetic,12.13089394569397,37176
att48,Evolutionary/Genetic,11.812764883041382,36416
att48,Evolutionary/Genetic,11.013183355331421,35711
att48,Evolutionary/Genetic,10.971251964569092,36558
att48,Evolutionary/Genetic,10.167593955993652,37338
att48,2-Opt,0.02817702293395996,34875
att48,2-Opt,0.028296947479248047,34875
att48,2-Opt,0.028384685516357422,34875
att48,2-Opt,0.02820301055908203,34875
att48,2-Opt,0.028343915939331055,34875
att48,2-Opt,0.027936935424804688,34875
att48,2-Opt,0.028044700622558594,34875
att48,2-Opt,0.02828192710876465,34875
att48,2-Opt,0.02715611457824707,34875
att48,2-Opt,0.025876998901367188,34875
att48,2-Opt,0.0283660888671875,34875
att48,2-Opt,0.02855682373046875,34875
att48,2-Opt,0.028630971908569336,34875
att48,2-Opt,0.02811408042907715,34875
att48,2-Opt,0.028088092803955078,34875
att48,2-Opt,0.02870917320251465,34875
att48,2-Opt,0.028261899948120117,34875
att48,2-Opt,0.03132176399230957,34875
att48,2-Opt,0.027667999267578125,34875
att48,2-Opt,0.027736902236938477,34875
berlin52,Nearest Neighbour,0.0018241405487060547,10292
berlin52,Nearest Neighbour,0.0020029544830322266,8955
berlin52,Nearest Neighbour,0.0018601417541503906,10012
berlin52,Nearest Neighbour,0.0020949840545654297,10012
berlin52,Nearest Neighbour,0.002093076705932617,9709
berlin52,Nearest Neighbour,0.0016040802001953125,9709
berlin52,Nearest Neighbour,0.0019588470458984375,9114
berlin52,Nearest Neighbour,0.0017993450164794922,8849
berlin52,Nearest Neighbour,0.0014421939849853516,9261
berlin52,Nearest Neighbour,0.0018529891967773438,10201
berlin52,Nearest Neighbour,0.0016918182373046875,8208
berlin52,Nearest Neighbour,0.0017709732055664062,8208
berlin52,Nearest Neighbour,0.0017578601837158203,9709
berlin52,Nearest Neighbour,0.0014679431915283203,9223
berlin52,Nearest Neighbour,0.0018761157989501953,9397
berlin52,Nearest Neighbour,0.0018630027770996094,9575
berlin52,Nearest Neighbour,0.0014369487762451172,9254
berlin52,Nearest Neighbour,0.0022499561309814453,9397
berlin52,Nearest Neighbour,0.001802206039428711,9337
berlin52,Nearest Neighbour,0.0015468597412109375,9575
berlin52,Nearest Neighbour,0.0018610954284667969,9337
berlin52,Nearest Neighbour,0.001895904541015625,9099
berlin52,Nearest Neighbour,0.0018630027770996094,9556
berlin52,Nearest Neighbour,0.0025177001953125,9397
berlin52,Nearest Neighbour,0.0017740726470947266,8867
berlin52,Nearest Neighbour,0.0017647743225097656,10201
berlin52,Nearest Neighbour,0.0017919540405273438,8955
berlin52,Nearest Neighbour,0.002198934555053711,9586
berlin52,Nearest Neighbour,0.0017690658569335938,9359
berlin52,Nearest Neighbour,0.0013020038604736328,9768
berlin52,Nearest Neighbour,0.001955747604370117,8867
berlin52,Nearest Neighbour,0.001817941665649414,8955
berlin52,Nearest Neighbour,0.0013308525085449219,9075
berlin52,Nearest Neighbour,0.001789093017578125,8997
berlin52,Nearest Neighbour,0.001766204833984375,9068
berlin52,Nearest Neighbour,0.0016608238220214844,10012
berlin52,Nearest Neighbour,0.0017888545989990234,9306
berlin52,Nearest Neighbour,0.0017638206481933594,9397
berlin52,Nearest Neighbour,0.0017669200897216797,8867
berlin52,Nearest Neighbour,0.0017850399017333984,9898
berlin52,Nearest Neighbour,0.0017919540405273438,9506
berlin52,Evolutionary/Genetic,9.681740045547485,8070
berlin52,Evolutionary/Genetic,9.798286199569702,8031
berlin52,Evolutionary/Genetic,8.935571908950806,7598
berlin52,Evolutionary/Genetic,8.91276478767395,8183
berlin52,Evolutionary/Genetic,9.046586036682129,7960
berlin52,Evolutionary/Genetic,9.106608867645264,8031
berlin52,Evolutionary/Genetic,9.289121866226196,7919
berlin52,Evolutionary/Genetic,8.973836183547974,8206
berlin52,Evolutionary/Genetic,9.346565008163452,8618
ch130,Nearest Neighbour,0.011092901229858398,7283
ch130,Nearest Neighbour,0.01019430160522461,7273
ch130,Nearest Neighbour,0.010245084762573242,7587
ch130,Nearest Neighbour,0.01040792465209961,7658
ch130,Nearest Neighbour,0.009763240814208984,7358
ch130,Nearest Neighbour,0.010463953018188477,7538
ch130,Nearest Neighbour,0.009982824325561523,7428
ch130,Nearest Neighbour,0.009910821914672852,7382
ch130,Nearest Neighbour,0.010316133499145508,7539
ch130,Nearest Neighbour,0.009458065032958984,7593
ch130,Nearest Neighbour,0.00869297981262207,7687
ch130,Nearest Neighbour,0.010095834732055664,7778
ch130,Nearest Neighbour,0.010683059692382812,7462
ch130,Nearest Neighbour,0.009144067764282227,7822
ch130,Nearest Neighbour,0.009948968887329102,7611
ch130,Nearest Neighbour,0.009003162384033203,7236
ch130,Nearest Neighbour,0.011544942855834961,8321
ch130,Nearest Neighbour,0.011340856552124023,7785
ch130,Nearest Neighbour,0.010032176971435547,7546
ch130,Nearest Neighbour,0.011074066162109375,7645
ch130,Nearest Neighbour,0.009505033493041992,8434
ch130,Nearest Neighbour,0.010477781295776367,7491
ch130,Nearest Neighbour,0.010307073593139648,7946
ch130,Nearest Neighbour,0.010437726974487305,7658
ch130,2-Opt,0.10260915756225586,6812
ch130,2-Opt,0.10316300392150879,6812
ch130,2-Opt,0.10176205635070801,6812
ch130,2-Opt,0.10291886329650879,6812
ch130,2-Opt,0.10409784317016602,6812
ch130,2-Opt,0.10174298286437988,6812
ch130,2-Opt,0.106781005859375,6812
ch130,2-Opt,0.10489606857299805,6812
ch130,2-Opt,0.10254096984863281,6812
ch130,2-Opt,0.10540509223937988,6812
ch130,2-Opt,0.12821292877197266,6812
ch130,2-Opt,0.10732197761535645,6812
ch130,2-Opt,0.1024017333984375,6812
ch130,2-Opt,0.10201716423034668,6812
ch130,2-Opt,0.10410523414611816,6812
ch130,2-Opt,0.10293078422546387,6812
ch130,2-Opt,0.10526299476623535,6812
ch130,2-Opt,0.10322117805480957,6812
ch130,2-Opt,0.1179509162902832,6812
ch130,2-Opt,0.13255906105041504,6812
ch130,Evolutionary/Genetic,40.1728310585022,7164
ch130,Evolutionary/Genetic,35.71543097496033,7142
wi29,Nearest Neighbour,0.0008089542388916016,32995
wi29,Nearest Neighbour,0.0006401538848876953,36392
wi29,Nearest Neighbour,0.0006399154663085938,32995
wi29,Nearest Neighbour,0.0007741451263427734,36388
wi29,Nearest Neighbour,0.0006449222564697266,35429
wi29,Nearest Neighbour,0.0006289482116699219,35429
wi29,Nearest Neighbour,0.0006740093231201172,33650
wi29,Nearest Neighbour,0.0008289813995361328,36801
wi29,Nearest Neighbour,0.0008089542388916016,35429
wi29,Nearest Neighbour,0.0007948875427246094,33245
wi29,Nearest Neighbour,0.0008802413940429688,37230
wi29,Nearest Neighbour,0.000789642333984375,35474
wi29,Nearest Neighbour,0.0008559226989746094,34953
wi29,Nearest Neighbour,0.0006539821624755859,36985
wi29,Nearest Neighbour,0.0008120536804199219,37053
wi29,Nearest Neighbour,0.0006432533264160156,33650
wi29,Nearest Neighbour,0.0006859302520751953,37230
wi29,Nearest Neighbour,0.0008120536804199219,35474
wi29,Nearest Neighbour,0.0008130073547363281,36392
wi29,Nearest Neighbour,0.0008130073547363281,36392
wi29,Nearest Neighbour,0.0006430149078369141,34405
wi29,Nearest Neighbour,0.0008089542388916016,35634
wi29,Nearest Neighbour,0.0006511211395263672,34369
wi29,Nearest Neighbour,0.0006430149078369141,33327
wi29,Nearest Neighbour,0.0006451606750488281,32855
wi29,Nearest Neighbour,0.0006561279296875,33245
wi29,Nearest Neighbour,0.0006520748138427734,34369
wi29,Nearest Neighbour,0.000782012939453125,33650
wi29,Nearest Neighbour,0.0006492137908935547,35474
wi29,Nearest Neighbour,0.00045800209045410156,32161
wi29,Nearest Neighbour,0.0006821155548095703,35474
wi29,Nearest Neighbour,0.0006940364837646484,33245
wi29,Nearest Neighbour,0.00047016143798828125,32855
wi29,Nearest Neighbour,0.0005152225494384766,36985
wi29,Evolutionary/Genetic,5.504988193511963,30364
wi29,Evolutionary/Genetic,4.633177757263184,29209
wi29,Evolutionary/Genetic,4.518857955932617,28920
wi29,Evolutionary/Genetic,4.777864933013916,28755
att48,Nearest Neighbour,0.0020551681518554688,41946
berlin52,2-Opt,0.02262282371520996,8542
berlin52,2-Opt,0.021724224090576172,8542
berlin52,2-Opt,0.022266149520874023,8542
berlin52,2-Opt,0.022738933563232422,8542
berlin52,2-Opt,0.0221097469329834,8542
berlin52,2-Opt,0.02157306671142578,8542
berlin52,2-Opt,0.022745847702026367,8542
berlin52,2-Opt,0.022662878036499023,8542
berlin52,2-Opt,0.022420883178710938,8542
berlin52,2-Opt,0.021661758422851562,8542
berlin52,2-Opt,0.021957874298095703,8542
berlin52,2-Opt,0.022085905075073242,8542
berlin52,2-Opt,0.021474123001098633,8542
berlin52,2-Opt,0.02148604393005371,8542
berlin52,2-Opt,0.02126598358154297,8542
berlin52,2-Opt,0.022078990936279297,8542
att48,Nearest Neighbour,0.0017380714416503906,42598
att48,Nearest Neighbour,0.0019059181213378906,41407
att48,2-Opt,0.028105974197387695,34875
att48,Nearest Neighbour,0.0021538734436035156,42922
wi29,2-Opt,0.008354902267456055,28102
wi29,2-Opt,0.008008956909179688,28102
wi29,2-Opt,0.006574869155883789,28102
wi29,2-Opt,0.008359909057617188,28102
wi29,2-Opt,0.008794307708740234,28102
wi29,2-Opt,0.008400201797485352,28102
wi29,2-Opt,0.006703853607177734,28102
wi29,2-Opt,0.008044719696044922,28102
wi29,2-Opt,0.008153915405273438,28102
wi29,2-Opt,0.007727146148681641,28102
wi29,2-Opt,0.008299112319946289,28102
wi29,2-Opt,0.008502960205078125,28102
wi29,2-Opt,0.008131027221679688,28102
att48,Nearest Neighbour,0.0017800331115722656,41582
a280,Nearest Neighbour,0.053147077560424805,3470
a280,Nearest Neighbour,0.053518056869506836,3231
att48,Nearest Neighbour,0.0017688274383544922,39811
a280,Nearest Neighbour,0.053690195083618164,3293
a280,Nearest Neighbour,0.05880022048950195,3282
a280,Nearest Neighbour,0.0526120662689209,3265
a280,Nearest Neighbour,0.053946733474731445,3295
a280,Nearest Neighbour,0.0525050163269043,3389
a280,Nearest Neighbour,0.052041053771972656,3294
a280,Nearest Neighbour,0.052983999252319336,3214
a280,2-Opt,0.16172027587890625,2819
a280,2-Opt,0.16150498390197754,2819
a280,2-Opt,0.1604900360107422,2819
a280,2-Opt,0.1602189540863037,2819
a280,2-Opt,0.16144919395446777,2819
a280,2-Opt,0.1611340045928955,2819
a280,2-Opt,0.1643221378326416,2819
a280,2-Opt,0.1640479564666748,2819
a280,2-Opt,0.1583700180053711,2819
a280,2-Opt,0.16950392723083496,2819
a280,2-Opt,0.1611168384552002,2819
a280,2-Opt,0.15964388847351074,2819
a280,2-Opt,0.16018104553222656,2819
a280,Evolutionary/Genetic,148.75740122795105,3138
att48,Nearest Neighbour,0.0017349720001220703,40880
att48,Nearest Neighbour,0.0017468929290771484,40741
att48,Nearest Neighbour,0.0019958019256591797,42922
att48,Nearest Neighbour,0.001856088638305664,42156
att48,Nearest Neighbour,0.0017547607421875,42156
att48,Nearest Neighbour,0.0017800331115722656,42620
att48,Nearest Neighbour,0.0017590522766113281,42445
att48,Nearest Neighbour,0.0017480850219726562,39811
att48,Nearest Neighbour,0.0026140213012695312,40741
att48,Nearest Neighbour,0.0019071102142333984,39246
att48,Nearest Neighbour,0.0019409656524658203,41582
att48,Nearest Neighbour,0.0018298625946044922,42154
att48,Nearest Neighbour,0.0018067359924316406,42454
att48,Nearest Neighbour,0.0017731189727783203,40526
att48,Nearest Neighbour,0.0018019676208496094,42154
att48,Nearest Neighbour,0.002062082290649414,39246
att48,Nearest Neighbour,0.0026738643646240234,44337
att48,Nearest Neighbour,0.001882791519165039,40763
att48,Nearest Neighbour,0.0017647743225097656,42454
att48,Nearest Neighbour,0.0017480850219726562,40741
att48,Nearest Neighbour,0.0018398761749267578,42561
att48,Nearest Neighbour,0.0017659664154052734,42755
att48,Nearest Neighbour,0.0017547607421875,40738
att48,Nearest Neighbour,0.002048015594482422,40741
att48,Nearest Neighbour,0.0017561912536621094,41816
att48,Nearest Neighbour,0.0019330978393554688,42598
att48,Nearest Neighbour,0.003287076950073242,43751
att48,Nearest Neighbour,0.002866029739379883,40505
att48,Nearest Neighbour,0.0017750263214111328,41533
att48,Evolutionary/Genetic,10.920490026473999,37342
att48,2-Opt,0.02866220474243164,34875
a280,2-Opt,0.16584491729736328,2819
dj38,2-Opt,0.010179996490478516,9069
wi29,2-Opt,0.00859379768371582,28102
ch130,2-Opt,0.10654187202453613,6812
ch130,Nearest Neighbour,0.010855913162231445,7493
ch130,Nearest Neighbour,0.010004043579101562,7535
ch130,2-Opt,0.10658597946166992,6812
att48,Nearest Neighbour,0.002016782760620117,40964
berlin52,Nearest Neighbour,0.0019190311431884766,9015
berlin52,2-Opt,0.023324966430664062,8542
berlin52,Evolutionary/Genetic,8.667909860610962,8031
berlin52,Evolutionary/Genetic,8.627019882202148,8031
berlin52,2-Opt,0.023563146591186523,8542
berlin52,2-Opt,0.024602174758911133,8542
berlin52,2-Opt,0.022758007049560547,8542
berlin52,Nearest Neighbour,0.0017940998077392578,9768
berlin52,Nearest Neighbour,0.002173900604248047,9261
berlin52,Nearest Neighbour,0.0018260478973388672,9792
berlin52,Nearest Neighbour,0.0020639896392822266,9772
berlin52,Nearest Neighbour,0.0019578933715820312,9320
berlin52,Evolutionary/Genetic,8.965234279632568,8029
att48,Nearest Neighbour,0.0021131038665771484,42445
att48,Evolutionary/Genetic,13.448670148849487,34875
berlin52,Evolutionary/Genetic,10.942125797271729,8542
berlin52,Evolutionary/Genetic,10.94323205947876,8542
att48,Nearest Neighbour,0.0023789405822753906,39811
att48,Nearest Neighbour,0.0017559528350830078,40505
att48,Nearest Neighbour,0.002234935760498047,39811
att48,Nearest Neighbour,0.002157926559448242,39811
att48,Nearest Neighbour,0.0017817020416259766,44337
att48,Nearest Neighbour,0.0018298625946044922,40964
a280,Nearest Neighbour,0.053456783294677734,3468
att48,Nearest Neighbour,0.0017540454864501953,39760
att48,Nearest Neighbour,0.0017709732055664062,43751
a280,Nearest Neighbour,0.05323076248168945,3527
a280,Nearest Neighbour,0.05333828926086426,3237
berlin52,Nearest Neighbour,0.0021638870239257812,9306
ch130,Nearest Neighbour,0.009698867797851562,7538
ch150,Nearest Neighbour,0.011245965957641602,7565
dj38,Nearest Neighbour,0.0013089179992675781,6972
fl1577,Nearest Neighbour,1.153580904006958,28116
wi29,Nearest Neighbour,0.0008568763732910156,33918
att48,Nearest Neighbour,0.002518892288208008,43544
att48,Nearest Neighbour,0.001895904541015625,41593
a280,Nearest Neighbour,0.05393791198730469,3166
berlin52,Nearest Neighbour,0.0012629032135009766,10012
att48,Nearest Neighbour,0.0018737316131591797,42598
att48,Nearest Neighbour,0.0019037723541259766,40835
a280,Nearest Neighbour,0.0746450424194336,3147
berlin52,Nearest Neighbour,0.0017430782318115234,9506
ch130,Nearest Neighbour,0.009505987167358398,7610
ch150,Nearest Neighbour,0.012918949127197266,7504
dj38,Nearest Neighbour,0.0011589527130126953,8301
fl1577,Nearest Neighbour,1.077359914779663,27744
wi29,Nearest Neighbour,0.0007779598236083984,36392
berlin52,Nearest Neighbour,0.0019099712371826172,9194
att48,Nearest Neighbour,0.0018801689147949219,44337
a280,Nearest Neighbour,0.05387115478515625,3501
berlin52,Nearest Neighbour,0.0018160343170166016,8955
berlin52,2-Opt,0.022658109664916992,8542
att48,Nearest Neighbour,0.0019469261169433594,39237
att48,Nearest Neighbour,0.0017900466918945312,42192
att48,Nearest Neighbour,0.0017800331115722656,41593
att48,Nearest Neighbour,0.002022266387939453,41971
att48,Nearest Neighbour,0.0018591880798339844,42620
att48,Nearest Neighbour,0.0017499923706054688,42667
a280,Nearest Neighbour,0.05510520935058594,3263
a280,Nearest Neighbour,0.05430030822753906,3094
wi29,Evolutionary/Genetic,4.595897912979126,28920
wi29,2-Opt,0.007485866546630859,28102
wi29,2-Opt,0.008435964584350586,28102
a280,2-Opt,0.1620478630065918,2819
att48,2-Opt,0.028301239013671875,34875
ch130,2-Opt,0.10320496559143066,6812
ch150,2-Opt,0.16443896293640137,7399
dj38,2-Opt,0.009011030197143555,9069
dj38,Nearest Neighbour,0.001232147216796875,7991
dj38,Nearest Neighbour,0.0012826919555664062,8979
dj38,Nearest Neighbour,0.0013921260833740234,6965
att48,Nearest Neighbour,0.0025348663330078125,40900
att48,Nearest Neighbour,0.0024061203002929688,41436
att48,Nearest Neighbour,0.0017278194427490234,42598
att48,Nearest Neighbour,0.0020759105682373047,39760
a280,Nearest Neighbour,0.05568718910217285,3285
berlin52,Nearest Neighbour,0.002607107162475586,10201
att48,Nearest Neighbour,0.0022971630096435547,42154
ch150,Nearest Neighbour,0.013440847396850586,8355
att48,Nearest Neighbour,0.002399921417236328,40172
a280,Nearest Neighbour,0.05322098731994629,3335
att48,Nearest Neighbour,0.0017747879028320312,42219
ch150,Nearest Neighbour,0.013279914855957031,7676
att48,Nearest Neighbour,0.0018529891967773438,42154
att48,Nearest Neighbour,0.002257108688354492,41407
att48,Evolutionary/Genetic,10.537386894226074,37928
att48,Nearest Neighbour,0.0036330223083496094,39811
att48,Nearest Neighbour,0.0018239021301269531,41407
att48,Nearest Neighbour,0.002862691879272461,41971
att48,Nearest Neighbour,0.0023407936096191406,41971
att48,Nearest Neighbour,0.002454996109008789,40880
att48,Nearest Neighbour,0.0025849342346191406,40763
att48,Nearest Neighbour,0.002889871597290039,40738
att48,Nearest Neighbour,0.002357959747314453,41533
a280,Nearest Neighbour,0.053553104400634766,3295
a280,Nearest Neighbour,0.05296516418457031,3259
att48,Nearest Neighbour,0.0017552375793457031,41533
att48,Nearest Neighbour,0.002008199691772461,42922
att48,Nearest Neighbour,0.0018091201782226562,41436
att48,Nearest Neighbour,0.0025310516357421875,40738
att48,Nearest Neighbour,0.002550840377807617,40880
att48,Evolutionary/Genetic,10.425742864608765,37693
att48,2-Opt,0.028892993927001953,34875
berlin52,2-Opt,0.022888898849487305,8542
att48,Nearest Neighbour,0.004931211471557617,43544
att48,Nearest Neighbour,0.003682851791381836,40738
att48,Nearest Neighbour,0.003964900970458984,39246
att48,Nearest Neighbour,0.0018050670623779297,40835
att48,Nearest Neighbour,0.0019021034240722656,42445
att48,Nearest Neighbour,0.0021550655364990234,42627
att48,Nearest Neighbour,0.0022039413452148438,44144
att48,Nearest Neighbour,0.0024759769439697266,42219
att48,Nearest Neighbour,0.002189159393310547,42445
att48,Nearest Neighbour,0.0035991668701171875,41407
att48,Nearest Neighbour,0.0022809505462646484,42219
att48,Nearest Neighbour,0.0019178390502929688,40526
att48,Nearest Neighbour,0.002543926239013672,42445
att48,Nearest Neighbour,0.0018429756164550781,42145
att48,Nearest Neighbour,0.0017590522766113281,42755
att48,Nearest Neighbour,0.002106904983520508,41582
att48,Nearest Neighbour,0.0017559528350830078,42192
att48,Nearest Neighbour,0.001756906509399414,39237
att48,Nearest Neighbour,0.0017671585083007812,42145
att48,Nearest Neighbour,0.0017511844635009766,42561
att48,Nearest Neighbour,0.0017650127410888672,39237
att48,Nearest Neighbour,0.0017600059509277344,41928
att48,Nearest Neighbour,0.0017631053924560547,40738
att48,Nearest Neighbour,0.0019788742065429688,42982
att48,Nearest Neighbour,0.0017809867858886719,40172
att48,Nearest Neighbour,0.0017600059509277344,42667
att48,Nearest Neighbour,0.0018260478973388672,44144
att48,Nearest Neighbour,0.0017757415771484375,42982
att48,Nearest Neighbour,0.0019378662109375,42145
OwnAlgorithm,Nearest Neighbour,8.296966552734375e-05,1070
OwnAlgorithm,Nearest Neighbour,8.416175842285156e-05,1070
OwnAlgorithm,Nearest Neighbour,8.392333984375e-05,1070
att48,Nearest Neighbour,0.0019598007202148438,41407
a280,Nearest Neighbour,0.054135799407958984,3204
OwnAlgorithm,Nearest Neighbour,5.5789947509765625e-05,28
att48,Nearest Neighbour,0.002053976058959961,39811
OwnAlgorithm,Nearest Neighbour,4.7206878662109375e-05,0
att48,Nearest Neighbour,0.0017540454864501953,40526
att48,Nearest Neighbour,0.0021271705627441406,43751
att48,Evolutionary/Genetic,10.517879962921143,38116
att48,Nearest Neighbour,0.0017218589782714844,36983
att48,Nearest Neighbour,0.002569913864135742,39785
att48,Nearest Neighbour,0.0026862621307373047,42539
att48,Nearest Neighbour,0.0016362667083740234,36983
att48,Nearest Neighbour,0.0016510486602783203,42192
att48,Nearest Neighbour,0.002353191375732422,42667
att48,Nearest Neighbour,0.0024001598358154297,42627
att48,Nearest Neighbour,0.0025649070739746094,41971
att48,Nearest Neighbour,0.0027360916137695312,41928
att48,Nearest Neighbour,0.0016269683837890625,40880
att48,Nearest Neighbour,0.002568960189819336,41971
att48,Nearest Neighbour,0.002048969268798828,41928
att48,Nearest Neighbour,0.001619100570678711,40763
att48,Nearest Neighbour,0.0026009082794189453,43751
att48,Nearest Neighbour,0.002138853073120117,40738
att48,Nearest Neighbour,0.002452850341796875,43544
att48,Nearest Neighbour,0.002723217010498047,42454
att48,2-Opt,0.028289079666137695,34875
att48,Nearest Neighbour,0.0017299652099609375,42922
att48,2-Opt,0.02845478057861328,34875
att48,Nearest Neighbour,0.002711057662963867,43751
att48,Nearest Neighbour,0.0023508071899414062,42454
att48,Nearest Neighbour,0.0025331974029541016,40526
att48,Nearest Neighbour,0.0032308101654052734,41582
att48,Nearest Neighbour,0.0030028820037841797,42755
att48,Nearest Neighbour,0.001634836196899414,41928
att48,Nearest Neighbour,0.0016560554504394531,42627
att48,Nearest Neighbour,0.001644134521484375,39237
att48,Nearest Neighbour,0.0016551017761230469,39811
att48,Nearest Neighbour,0.001889944076538086,39811
att48,Nearest Neighbour,0.0021860599517822266,41946
att48,Nearest Neighbour,0.0016629695892333984,39811
att48,Nearest Neighbour,0.0016579627990722656,42982
att48,Nearest Neighbour,0.001628875732421875,41582
att48,Nearest Neighbour,0.002753734588623047,44144
att48,Nearest Neighbour,0.00215911865234375,42445
att48,Nearest Neighbour,0.0020110607147216797,42156
att48,Nearest Neighbour,0.0016832351684570312,42219
att48,Nearest Neighbour,0.0016372203826904297,42154
att48,Nearest Neighbour,0.002168893814086914,41971
att48,Nearest Neighbour,0.0016379356384277344,40900
wi29,Nearest Neighbour,0.0007576942443847656,32161
att48,Nearest Neighbour,0.001912832260131836,40763
att48,Nearest Neighbour,0.0021219253540039062,40526
att48,Nearest Neighbour,0.0016410350799560547,43544
att48,Nearest Neighbour,0.0024127960205078125,40835
att48,Nearest Neighbour,0.0016219615936279297,40763
att48,Nearest Neighbour,0.0017921924591064453,41436
att48,Nearest Neighbour,0.0016269683837890625,44144
att48,Nearest Neighbour,0.001825094223022461,42154
att48,Nearest Neighbour,0.0022280216217041016,40741
att48,Nearest Neighbour,0.0020139217376708984,41533
att48,Nearest Neighbour,0.002229928970336914,42922
att48,Nearest Neighbour,0.0020151138305664062,42561
att48,Nearest Neighbour,0.0016269683837890625,42585
att48,Nearest Neighbour,0.0016410350799560547,40172
att48,Nearest Neighbour,0.0025191307067871094,42445
att48,Nearest Neighbour,0.001750946044921875,41946
att48,Nearest Neighbour,0.0017371177673339844,42219
att48,Nearest Neighbour,0.002215862274169922,44144
att48,Nearest Neighbour,0.0016598701477050781,42219
att48,Nearest Neighbour,0.001641988754272461,41436
att48,Nearest Neighbour,0.0016450881958007812,42755
att48,Nearest Neighbour,0.0019419193267822266,41971
att48,Nearest Neighbour,0.0016510486602783203,41816
att48,Nearest Neighbour,0.0016388893127441406,42219
att48,Nearest Neighbour,0.0018019676208496094,40900
att48,Nearest Neighbour,0.002546072006225586,42561
att48,Nearest Neighbour,0.0019199848175048828,42219
att48,Nearest Neighbour,0.0027608871459960938,41533
att48,Nearest Neighbour,0.0019397735595703125,41971
att48,Evolutionary/Genetic,6.293787002563477,15820
att48,Nearest Neighbour,0.0017900466918945312,42922
att48,Nearest Neighbour,0.0016512870788574219,42598
att48,Nearest Neighbour,0.0018360614776611328,41407
att48,Nearest Neighbour,0.0016529560089111328,43505
att48,Nearest Neighbour,0.0016529560089111328,42755
att48,Nearest Neighbour,0.001638174057006836,40738
att48,Nearest Neighbour,0.0016391277313232422,39237
att48,Nearest Neighbour,0.0017070770263671875,42154
att48,Nearest Neighbour,0.0017459392547607422,41946
att48,Nearest Neighbour,0.0016298294067382812,43544
att48,Nearest Neighbour,0.0022509098052978516,40835
att48,Nearest Neighbour,0.004690885543823242,42667
att48,Nearest Neighbour,0.0032720565795898438,41971
att48,Nearest Neighbour,0.005192756652832031,41533
att48,Nearest Neighbour,0.005209207534790039,42154
att48,Nearest Neighbour,0.0016999244689941406,41816
att48,Nearest Neighbour,0.0016341209411621094,43751
att48,Nearest Neighbour,0.0016489028930664062,40172
att48,Nearest Neighbour,0.0027141571044921875,40505
att48,Nearest Neighbour,0.0019567012786865234,42585
att48,Nearest Neighbour,0.0017337799072265625,42755
att48,Nearest Neighbour,0.0016679763793945312,42219
att48,Nearest Neighbour,0.0016560554504394531,41971
att48,Nearest Neighbour,0.0016388893127441406,43505
att48,Nearest Neighbour,0.0017137527465820312,41533
att48,Nearest Neighbour,0.001950979232788086,44337
att48,Nearest Neighbour,0.0023529529571533203,40763
att48,Nearest Neighbour,0.005079030990600586,40505
att48,Nearest Neighbour,0.0016450881958007812,40738
att48,Nearest Neighbour,0.0016608238220214844,41816
att48,Nearest Neighbour,0.0017120838165283203,41946
att48,Nearest Neighbour,0.0017809867858886719,42219
att48,Nearest Neighbour,0.00162506103515625,42755
att48,Nearest Neighbour,0.0018818378448486328,40880
att48,Nearest Neighbour,0.002564668655395508,41971
att48,Nearest Neighbour,0.0026209354400634766,42445
att48,Nearest Neighbour,0.0019741058349609375,40172
att48,Nearest Neighbour,0.0018930435180664062,41928
att48,Nearest Neighbour,0.0017230510711669922,43544
att48,Nearest Neighbour,0.00471186637878418,44337
att48,Nearest Neighbour,0.0024318695068359375,40505
att48,Nearest Neighbour,0.0016667842864990234,40916
att48,Nearest Neighbour,0.0022211074829101562,41971
att48,Nearest Neighbour,0.004703998565673828,41928
att48,Nearest Neighbour,0.005135297775268555,42627
att48,Nearest Neighbour,0.0017268657684326172,40741
att48,Nearest Neighbour,0.004650592803955078,40763
att48,Nearest Neighbour,0.0016820430755615234,39237
att48,Nearest Neighbour,0.0016410350799560547,41533
att48,Nearest Neighbour,0.0016331672668457031,40900
att48,Nearest Neighbour,0.0053369998931884766,43505
att48,Nearest Neighbour,0.001628875732421875,42154
att48,Nearest Neighbour,0.001627206802368164,41593
att48,Nearest Neighbour,0.0018112659454345703,40835
att48,Nearest Neighbour,0.001661062240600586,40526
att48,Nearest Neighbour,0.0016520023345947266,42982
att48,Nearest Neighbour,0.0015799999237060547,40916
att48,Nearest Neighbour,0.0015587806701660156,40741
att48,Nearest Neighbour,0.0015742778778076172,42667
att48,Evolutionary/Genetic,11.09407901763916,37598
att48,Nearest Neighbour,0.004561901092529297,42755
att48,Nearest Neighbour,0.004754304885864258,43751
att48,Nearest Neighbour,0.0015728473663330078,39811
att48,Evolutionary/Genetic,9.27635669708252,37287
att48,Nearest Neighbour,0.0017337799072265625,40738
wi29,Nearest Neighbour,0.0007388591766357422,32812
att48,Nearest Neighbour,0.001965045928955078,40172
att48,Evolutionary/Genetic,14.482270956039429,37693
att48,Nearest Neighbour,0.0019898414611816406,41971
att48,Evolutionary/Genetic,9.517762184143066,37642
att48,Nearest Neighbour,0.0015861988067626953,42154
wi29,Evolutionary/Genetic,3.8057169914245605,28480
att48,Nearest Neighbour,0.001821756362915039,43751
wi29,Evolutionary/Genetic,3.822023868560791,27621
wi29,Evolutionary/Genetic,3.897372245788574,28199
att48,Nearest Neighbour,0.0028460025787353516,40738
att48,Nearest Neighbour,0.004904985427856445,43505
att48,Nearest Neighbour,0.0019168853759765625,43751
att48,Evolutionary/Genetic,9.945397853851318,36244
att48,Nearest Neighbour,0.0051038265228271484,42561
att48,Evolutionary/Genetic,20.500405311584473,36997
att48,Nearest Neighbour,0.004559993743896484,41946
att48,Nearest Neighbour,0.004511356353759766,41582
att48,Nearest Neighbour,0.0016698837280273438,40964
att48,Evolutionary/Genetic,9.470870018005371,36685
att48,Nearest Neighbour,0.002300739288330078,40900
att48,Evolutionary/Genetic,6.0185980796813965,38049
att48,Evolutionary/Genetic,6.1897711753845215,35543
att48,Nearest Neighbour,0.001970052719116211,43505
att48,Evolutionary/Genetic,10.433377981185913,37387
wi29,Evolutionary/Genetic,4.541852951049805,29209
wi29,Evolutionary/Genetic,4.541539907455444,28249
wi29,Evolutionary/Genetic,4.571960926055908,29209
att48,Evolutionary/Genetic,10.653901815414429,37117
berlin52,Evolutionary/Genetic,8.685458183288574,7598
berlin52,Evolutionary/Genetic,8.686353921890259,8034
berlin52,Evolutionary/Genetic,8.693934202194214,8031
berlin52,Evolutionary/Genetic,8.736196994781494,8132
berlin52,Evolutionary/Genetic,8.707707166671753,8160
berlin52,Evolutionary/Genetic,8.678333044052124,7826
att48,Nearest Neighbour,0.0019152164459228516,41928
att48,Evolutionary/Genetic,10.560384035110474,37693
att48,Nearest Neighbour,0.0017161369323730469,40505
att48,Evolutionary/Genetic,10.50396990776062,37584
wi29,Evolutionary/Genetic,4.553174734115601,28755
wi29,Evolutionary/Genetic,4.585392236709595,28608
att48,Nearest Neighbour,0.0015790462493896484,39760
att48,Evolutionary/Genetic,10.399026870727539,37006
a280,Evolutionary/Genetic,139.8154559135437,3263
att48,Nearest Neighbour,0.0015950202941894531,40741
att48,Nearest Neighbour,0.0018498897552490234,42192
att48,Nearest Neighbour,0.002012968063354492,39811
wi29,Nearest Neighbour,0.0005848407745361328,37230
wi29,Nearest Neighbour,0.0006709098815917969,37053
wi29,Nearest Neighbour,0.000804901123046875,32995
wi29,Nearest Neighbour,0.0007371902465820312,34369
wi29,Nearest Neighbour,0.0007388591766357422,34369
wi29,Nearest Neighbour,0.0006968975067138672,34369
wi29,Nearest Neighbour,0.0006010532379150391,37707
wi29,Nearest Neighbour,0.0005970001220703125,36985
wi29,Nearest Neighbour,0.0006070137023925781,37053
wi29,Nearest Neighbour,0.0008130073547363281,33799
wi29,Nearest Neighbour,0.0005919933319091797,32855
att48,Nearest Neighbour,0.0029981136322021484,40900
att48,Nearest Neighbour,0.0037941932678222656,41971
att48,Nearest Neighbour,0.0028638839721679688,43505
att48,2-Opt,0.028389930725097656,34875
a280,2-Opt,0.1616828441619873,2819
att48,Nearest Neighbour,0.003437042236328125,44144
att48,Evolutionary/Genetic,15.382165908813477,39934
att48,Nearest Neighbour,0.0027947425842285156,39760
ch150,2-Opt,0.16233301162719727,7399
ch130,2-Opt,0.10912895202636719,6812
wi29,2-Opt,0.008890867233276367,28102
dj38,2-Opt,0.00801992416381836,9069
berlin52,2-Opt,0.022945880889892578,8542
att48,2-Opt,0.028828144073486328,34875
att48,2-Opt,0.02947521209716797,34875
att48,Nearest Neighbour,0.0031387805938720703,43751
berlin52,Nearest Neighbour,0.002798795700073242,9099
berlin52,Nearest Neighbour,0.0029451847076416016,10201
dj38,Nearest Neighbour,0.0018029212951660156,6965
dj38,Evolutionary/Genetic,7.974733114242554,7082
dj38,2-Opt,0.009068012237548828,9069
wi29,Nearest Neighbour,0.0010647773742675781,36392
wi29,Nearest Neighbour,0.0012819766998291016,33371
wi29,Evolutionary/Genetic,5.929837226867676,34375
wi29,2-Opt,0.008363008499145508,28102
wi29,Nearest Neighbour,0.0008628368377685547,34953
wi29,Nearest Neighbour,0.0008611679077148438,33371
wi29,Evolutionary/Genetic,6.0750908851623535,31642
wi29,Evolutionary/Genetic,5.8739728927612305,35328
wi29,Evolutionary/Genetic,5.874211072921753,34375
wi29,Evolutionary/Genetic,5.916245937347412,34375
wi29,Evolutionary/Genetic,5.911713123321533,35328
wi29,Nearest Neighbour,0.0010769367218017578,36388
wi29,Nearest Neighbour,0.0010790824890136719,34953
wi29,Nearest Neighbour,0.0010929107666015625,36801
wi29,Nearest Neighbour,0.0010797977447509766,32161
wi29,Nearest Neighbour,0.0010538101196289062,37707
wi29,Nearest Neighbour,0.0010831356048583984,37230
wi29,Nearest Neighbour,0.0011010169982910156,34953
wi29,Nearest Neighbour,0.0010943412780761719,32812
wi29,Nearest Neighbour,0.001088857650756836,33245
wi29,Nearest Neighbour,0.0011911392211914062,35429
wi29,Nearest Neighbour,0.0010800361633300781,34369
wi29,Nearest Neighbour,0.0010900497436523438,34369
wi29,Nearest Neighbour,0.0010449886322021484,36801
wi29,Nearest Neighbour,0.0012891292572021484,37707
wi29,Nearest Neighbour,0.0015420913696289062,33650
wi29,Nearest Neighbour,0.0011761188507080078,37230
wi29,Nearest Neighbour,0.0010552406311035156,34405
wi29,Nearest Neighbour,0.0010929107666015625,32812
wi29,Nearest Neighbour,0.0010786056518554688,32161
wi29,Nearest Neighbour,0.0009877681732177734,36388
wi29,Nearest Neighbour,0.0012967586517333984,36985
wi29,Nearest Neighbour,0.0009760856628417969,33245
wi29,Nearest Neighbour,0.0010328292846679688,36392
wi29,Nearest Neighbour,0.0008378028869628906,37707
wi29,Nearest Neighbour,0.001074075698852539,35634
wi29,Nearest Neighbour,0.0008921623229980469,33650
wi29,Nearest Neighbour,0.0010721683502197266,35634
wi29,Nearest Neighbour,0.0010628700256347656,32812
wi29,Nearest Neighbour,0.0010669231414794922,35429
wi29,Nearest Neighbour,0.0010120868682861328,33245
wi29,Nearest Neighbour,0.0010628700256347656,37053
wi29,Nearest Neighbour,0.0008690357208251953,34369
wi29,Nearest Neighbour,0.0010848045349121094,33327
wi29,Nearest Neighbour,0.0008733272552490234,36630
wi29,Nearest Neighbour,0.0008723735809326172,35634
wi29,Nearest Neighbour,0.0011429786682128906,36801
wi29,Nearest Neighbour,0.0013041496276855469,36392
wi29,Nearest Neighbour,0.0009319782257080078,36801
wi29,Nearest Neighbour,0.0008692741394042969,36985
wi29,Nearest Neighbour,0.001024007797241211,37053
wi29,Nearest Neighbour,0.0011289119720458984,33918
wi29,Nearest Neighbour,0.0010941028594970703,35429
wi29,Nearest Neighbour,0.0010769367218017578,33854
wi29,Nearest Neighbour,0.0008702278137207031,35634
wi29,Nearest Neighbour,0.0010800361633300781,33245
wi29,Nearest Neighbour,0.0008728504180908203,33245
wi29,Nearest Neighbour,0.0008718967437744141,34953
wi29,Nearest Neighbour,0.0008692741394042969,34405
wi29,Nearest Neighbour,0.0007112026214599609,33245
wi29,Nearest Neighbour,0.0010228157043457031,35429
wi29,Nearest Neighbour,0.0011489391326904297,36801
wi29,Nearest Neighbour,0.001081705093383789,32995
wi29,Nearest Neighbour,0.0010769367218017578,36388
wi29,Nearest Neighbour,0.0010890960693359375,38042
wi29,Nearest Neighbour,0.0008749961853027344,33245
wi29,Nearest Neighbour,0.0010900497436523438,33245
wi29,Nearest Neighbour,0.0008988380432128906,33327
wi29,Nearest Neighbour,0.0010962486267089844,33854
wi29,Nearest Neighbour,0.0009379386901855469,36801
wi29,Nearest Neighbour,0.0010190010070800781,36985
wi29,Nearest Neighbour,0.0010619163513183594,36630
wi29,Nearest Neighbour,0.0011382102966308594,36168
wi29,Nearest Neighbour,0.0009539127349853516,36630
wi29,Nearest Neighbour,0.0010929107666015625,36392
wi29,Nearest Neighbour,0.0008711814880371094,36388
wi29,Nearest Neighbour,0.001374959945678711,36388
wi29,Nearest Neighbour,0.0008609294891357422,36168
wi29,Nearest Neighbour,0.0008721351623535156,34953
wi29,Nearest Neighbour,0.0010960102081298828,36388
wi29,Nearest Neighbour,0.0008759498596191406,32855
wi29,Nearest Neighbour,0.0010159015655517578,37230
wi29,Nearest Neighbour,0.0008718967437744141,36630
wi29,Nearest Neighbour,0.0007460117340087891,32995
wi29,Nearest Neighbour,0.0009660720825195312,35634
wi29,Nearest Neighbour,0.0008640289306640625,33327
wi29,Nearest Neighbour,0.0010449886322021484,35634
wi29,Nearest Neighbour,0.0010211467742919922,37230
wi29,Nearest Neighbour,0.0010411739349365234,33371
wi29,Evolutionary/Genetic,6.089528799057007,34249
wi29,Evolutionary/Genetic,5.869783878326416,34375
wi29,Evolutionary/Genetic,5.958780765533447,34375
wi29,Evolutionary/Genetic,5.853158235549927,33254
wi29,Evolutionary/Genetic,6.014945983886719,34249
wi29,2-Opt,0.008697986602783203,28102
att48,Nearest Neighbour,0.0027017593383789062,40964
att48,Evolutionary/Genetic,15.055948972702026,39934
dj38,Evolutionary/Genetic,7.751765966415405,6718
wi29,Evolutionary/Genetic,5.88496208190918,34249
att48,Nearest Neighbour,0.0027091503143310547,42154
wi29,2-Opt,0.008613109588623047,28102
att48,Nearest Neighbour,0.002991914749145508,39237
wi29,Nearest Neighbour,0.0009100437164306641,33245
wi29,Nearest Neighbour,0.0011870861053466797,34953
wi29,Nearest Neighbour,0.0010991096496582031,35474
wi29,Nearest Neighbour,0.0011432170867919922,33854
wi29,Nearest Neighbour,0.0011458396911621094,37230
wi29,Nearest Neighbour,0.0009090900421142578,33327
wi29,Nearest Neighbour,0.0010859966278076172,35634
wi29,Nearest Neighbour,0.0011870861053466797,37230
wi29,Nearest Neighbour,0.001146078109741211,37707
wi29,Nearest Neighbour,0.000949859619140625,36630
wi29,Nearest Neighbour,0.0009188652038574219,36630
wi29,Nearest Neighbour,0.0010840892791748047,34369
wi29,Nearest Neighbour,0.0009181499481201172,33327
wi29,Nearest Neighbour,0.0009238719940185547,32995
wi29,Nearest Neighbour,0.0011138916015625,36801
wi29,Nearest Neighbour,0.0010859966278076172,33371
wi29,Evolutionary/Genetic,5.9310832023620605,34249
wi29,2-Opt,0.008435964584350586,28102
att48,Nearest Neighbour,0.0047228336334228516,43505
att48,Nearest Neighbour,0.0027959346771240234,40738
att48,2-Opt,0.02752208709716797,34875
att48,Evolutionary/Genetic,15.394022941589355,40008
ch150,2-Opt,0.17796611785888672,7399
att48,Nearest Neighbour,0.003815174102783203,39811
att48,Nearest Neighbour,0.0037860870361328125,42154
att48,Nearest Neighbour,0.004202127456665039,44144
berlin52,Nearest Neighbour,0.0033080577850341797,9586
berlin52,2-Opt,0.02297186851501465,8542
att48,Nearest Neighbour,0.0032470226287841797,42598
att48,Nearest Neighbour,0.0033407211303710938,42585
att48,Nearest Neighbour,0.0038251876831054688,42667
att48,2-Opt,0.028872966766357422,34875
att48,Evolutionary/Genetic,14.870716094970703,39409
wi29,Evolutionary/Genetic,5.843376874923706,31642
att48,Nearest Neighbour,0.0026922225952148438,42145
att48,Nearest Neighbour,0.0042572021484375,42454
att48,2-Opt,0.027684688568115234,34875
att48,Nearest Neighbour,0.0026769638061523438,41593
OwnAlgorithm,Nearest Neighbour,0.00012302398681640625,23
att48,2-Opt,0.028496980667114258,34875
att48,2-Opt,0.027977943420410156,34875
att48,2-Opt,0.028519868850708008,34875
att48,2-Opt,0.027816057205200195,34875
att48,Nearest Neighbour,0.003590822219848633,41816
att48,Nearest Neighbour,0.004942893981933594,42561
a280,Nearest Neighbour,0.08770298957824707,3196
berlin52,Nearest Neighbour,0.0028460025787353516,10260
ch130,Nearest Neighbour,0.01625204086303711,8263
berlin52,Nearest Neighbour,0.003004312515258789,9898
att48,Nearest Neighbour,0.0037550926208496094,42922
att48,2-Opt,0.02772808074951172,34875
att48,Evolutionary/Genetic,15.681076288223267,40456
OwnAlgorithm,2-Opt,6.008148193359375e-05,19
att48,Nearest Neighbour,0.004013776779174805,39237
att48,2-Opt,0.028882741928100586,34875
a280,2-Opt,0.16835999488830566,2819
berlin52,2-Opt,0.02357006072998047,8542
ch130,2-Opt,0.10982775688171387,6812
